"FinancialYear","HBT","Dataset","DatasetQF","NumberOfAdmissions","NumberOfDischarges","NumberOfStays","NumberOfPatients","NumberOfHospitalResidents","NumberOfHospitalResidentsQF"
"1997/98","S08000015","Total","d",3535,3570,3355,2430,"495"," "
"1997/98","S08000015","SMR01"," ",900,910,870,775,"",":"
"1997/98","S08000015","SMR04"," ",2635,2655,2485,1785,"495"," "
"1997/98","S08000016","Total","d",900,925,865,610,"130"," "
"1997/98","S08000016","SMR01"," ",220,225,220,195,"",":"
"1997/98","S08000016","SMR04"," ",680,700,645,450,"130"," "
"1997/98","S08000017","Total","d",1100,1115,1030,820,"265"," "
"1997/98","S08000017","SMR01"," ",250,250,230,210,"",":"
"1997/98","S08000017","SMR04"," ",855,865,805,635,"265"," "
"1997/98","S08000029","Total","d",2200,2215,1985,1465,"505"," "
"1997/98","S08000029","SMR01"," ",290,290,255,240,"",":"
"1997/98","S08000029","SMR04"," ",1910,1925,1730,1260,"505"," "
"1997/98","S08000019","Total","d",1885,1935,1685,1250,"395"," "
"1997/98","S08000019","SMR01"," ",290,300,255,240,"",":"
"1997/98","S08000019","SMR04"," ",1590,1635,1425,1050,"395"," "
"1997/98","S08000020","Total","d",3370,3420,3180,2470,"645"," "
"1997/98","S08000020","SMR01"," ",1000,990,910,810,"",":"
"1997/98","S08000020","SMR04"," ",2370,2430,2270,1735,"645"," "
"1997/98","S08000031","Total","d",11320,11370,10280,7920,"2205"," "
"1997/98","S08000031","SMR01"," ",2685,2680,2440,2215,"",":"
"1997/98","S08000031","SMR04"," ",8630,8690,7840,5945,"2205"," "
"1997/98","S08000022","Total","d",3065,3090,2825,2095,"350"," "
"1997/98","S08000022","SMR01"," ",1010,1010,930,770,"",":"
"1997/98","S08000022","SMR04"," ",2060,2080,1895,1470,"350"," "
"1997/98","S08000032","Total","d",3230,3190,2930,2250,"680"," "
"1997/98","S08000032","SMR01"," ",660,665,630,580,"",":"
"1997/98","S08000032","SMR04"," ",2570,2525,2300,1750,"680"," "
"1997/98","S08000024","Total","d",6615,6685,6150,4290,"1140"," "
"1997/98","S08000024","SMR01"," ",1130,1140,990,880,"",":"
"1997/98","S08000024","SMR04"," ",5485,5545,5160,3535,"1140"," "
"1997/98","S08000025","Total","d",65,65,65,55,"0"," "
"1997/98","S08000025","SMR01"," ",65,65,65,55,"",":"
"1997/98","S08000025","SMR04"," ",0,0,0,0,"0"," "
"1997/98","S08000026","Total","d",115,120,120,95,"0"," "
"1997/98","S08000026","SMR01"," ",115,120,120,95,"",":"
"1997/98","S08000026","SMR04"," ",0,0,0,0,"0"," "
"1997/98","S08000030","Total","d",3670,3695,3345,2560,"780"," "
"1997/98","S08000030","SMR01"," ",710,710,665,615,"",":"
"1997/98","S08000030","SMR04"," ",2965,2985,2685,2040,"780"," "
"1997/98","S08000028","Total","d",305,320,305,210,"25"," "
"1997/98","S08000028","SMR01"," ",125,130,130,105,"",":"
"1997/98","S08000028","SMR04"," ",180,190,180,115,"25"," "
"1997/98","SB0802","Total","d",80,75,35,75,"225"," "
"1997/98","SB0802","SMR01"," ",0,0,0,0,"",":"
"1997/98","SB0802","SMR04"," ",80,75,35,75,"225"," "
"1998/99","S08000015","Total","d",3525,3555,3345,2385,"465"," "
"1998/99","S08000015","SMR01"," ",845,850,805,695,"",":"
"1998/99","S08000015","SMR04"," ",2675,2705,2540,1805,"465"," "
"1998/99","S08000016","Total","d",860,870,800,610,"120"," "
"1998/99","S08000016","SMR01"," ",220,220,205,190,"",":"
"1998/99","S08000016","SMR04"," ",640,650,595,450,"120"," "
"1998/99","S08000017","Total","d",1135,1175,1070,875,"230"," "
"1998/99","S08000017","SMR01"," ",310,310,280,255,"",":"
"1998/99","S08000017","SMR04"," ",830,865,790,650,"230"," "
"1998/99","S08000029","Total","d",2280,2295,2045,1525,"480"," "
"1998/99","S08000029","SMR01"," ",315,310,275,255,"",":"
"1998/99","S08000029","SMR04"," ",1960,1985,1775,1295,"480"," "
"1998/99","S08000019","Total","d",1690,1750,1525,1215,"335"," "
"1998/99","S08000019","SMR01"," ",300,295,280,260,"",":"
"1998/99","S08000019","SMR04"," ",1395,1455,1250,985,"335"," "
"1998/99","S08000020","Total","d",3665,3700,3365,2580,"610"," "
"1998/99","S08000020","SMR01"," ",980,980,905,805,"",":"
"1998/99","S08000020","SMR04"," ",2685,2720,2460,1870,"610"," "
"1998/99","S08000031","Total","d",10815,11050,9995,7815,"2010"," "
"1998/99","S08000031","SMR01"," ",2720,2765,2440,2215,"",":"
"1998/99","S08000031","SMR04"," ",8090,8285,7555,5820,"2010"," "
"1998/99","S08000022","Total","d",3205,3195,2995,2150,"355"," "
"1998/99","S08000022","SMR01"," ",1125,1115,1010,830,"",":"
"1998/99","S08000022","SMR04"," ",2085,2080,1985,1450,"355"," "
"1998/99","S08000032","Total","d",3580,3585,3235,2470,"670"," "
"1998/99","S08000032","SMR01"," ",785,780,710,635,"",":"
"1998/99","S08000032","SMR04"," ",2795,2805,2520,1910,"670"," "
"1998/99","S08000024","Total","d",6525,6585,5950,4255,"1075"," "
"1998/99","S08000024","SMR01"," ",1195,1185,1030,945,"",":"
"1998/99","S08000024","SMR04"," ",5330,5400,4920,3445,"1075"," "
"1998/99","S08000025","Total","d",60,60,55,50,"0"," "
"1998/99","S08000025","SMR01"," ",60,60,55,50,"",":"
"1998/99","S08000025","SMR04"," ",0,0,0,0,"0"," "
"1998/99","S08000026","Total","d",115,115,115,85,"0"," "
"1998/99","S08000026","SMR01"," ",115,115,115,85,"",":"
"1998/99","S08000026","SMR04"," ",0,0,0,0,"0"," "
"1998/99","S08000030","Total","d",3650,3735,3325,2590,"700"," "
"1998/99","S08000030","SMR01"," ",725,730,680,595,"",":"
"1998/99","S08000030","SMR04"," ",2925,3005,2650,2075,"700"," "
"1998/99","S08000028","Total","d",185,170,170,145,"40"," "
"1998/99","S08000028","SMR01"," ",130,130,130,110,"",":"
"1998/99","S08000028","SMR04"," ",55,45,40,35,"40"," "
"1998/99","SB0802","Total","d",85,65,20,65,"245"," "
"1998/99","SB0802","SMR01"," ",0,0,0,0,"",":"
"1998/99","SB0802","SMR04"," ",85,65,20,65,"245"," "
"1999/00","S08000015","Total","d",3260,3285,3075,2175,"450"," "
"1999/00","S08000015","SMR01"," ",815,820,770,655,"",":"
"1999/00","S08000015","SMR04"," ",2445,2465,2305,1630,"450"," "
"1999/00","S08000016","Total","d",880,880,765,600,"120"," "
"1999/00","S08000016","SMR01"," ",225,220,210,190,"",":"
"1999/00","S08000016","SMR04"," ",660,660,550,440,"120"," "
"1999/00","S08000017","Total","d",970,1000,925,740,"195"," "
"1999/00","S08000017","SMR01"," ",245,245,220,195,"",":"
"1999/00","S08000017","SMR04"," ",725,755,705,565,"195"," "
"1999/00","S08000029","Total","d",2220,2250,1975,1480,"450"," "
"1999/00","S08000029","SMR01"," ",350,350,295,275,"",":"
"1999/00","S08000029","SMR04"," ",1865,1900,1680,1235,"450"," "
"1999/00","S08000019","Total","d",1520,1550,1360,1100,"305"," "
"1999/00","S08000019","SMR01"," ",335,330,310,275,"",":"
"1999/00","S08000019","SMR04"," ",1190,1220,1055,855,"305"," "
"1999/00","S08000020","Total","d",3545,3530,3180,2435,"605"," "
"1999/00","S08000020","SMR01"," ",1000,1000,920,820,"",":"
"1999/00","S08000020","SMR04"," ",2545,2535,2260,1715,"605"," "
"1999/00","S08000031","Total","d",11110,11210,9975,7930,"1905"," "
"1999/00","S08000031","SMR01"," ",2810,2810,2510,2255,"",":"
"1999/00","S08000031","SMR04"," ",8300,8400,7465,5900,"1905"," "
"1999/00","S08000022","Total","d",3310,3310,3150,2240,"350"," "
"1999/00","S08000022","SMR01"," ",1130,1125,1050,865,"",":"
"1999/00","S08000022","SMR04"," ",2180,2185,2100,1530,"350"," "
"1999/00","S08000032","Total","d",3805,3850,3425,2660,"630"," "
"1999/00","S08000032","SMR01"," ",865,875,815,705,"",":"
"1999/00","S08000032","SMR04"," ",2940,2975,2605,2040,"630"," "
"1999/00","S08000024","Total","d",6345,6445,5785,4275,"970"," "
"1999/00","S08000024","SMR01"," ",1150,1150,1025,955,"",":"
"1999/00","S08000024","SMR04"," ",5195,5295,4760,3440,"970"," "
"1999/00","S08000025","Total","d",55,55,55,50,"0"," "
"1999/00","S08000025","SMR01"," ",55,55,55,50,"",":"
"1999/00","S08000025","SMR04"," ",0,0,0,0,"0"," "
"1999/00","S08000026","Total","d",95,95,95,75,"0"," "
"1999/00","S08000026","SMR01"," ",95,95,95,75,"",":"
"1999/00","S08000026","SMR04"," ",0,0,0,0,"0"," "
"1999/00","S08000030","Total","d",3340,3390,3090,2435,"645"," "
"1999/00","S08000030","SMR01"," ",670,665,635,575,"",":"
"1999/00","S08000030","SMR04"," ",2670,2725,2455,1935,"645"," "
"1999/00","S08000028","Total","d",335,340,325,220,"35"," "
"1999/00","S08000028","SMR01"," ",160,160,155,115,"",":"
"1999/00","S08000028","SMR04"," ",175,180,170,110,"35"," "
"1999/00","SB0802","Total","d",70,75,25,75,"240"," "
"1999/00","SB0802","SMR01"," ",0,0,0,0,"",":"
"1999/00","SB0802","SMR04"," ",70,75,25,75,"240"," "
"2000/01","S08000015","Total","d",3090,3110,2920,2110,"425"," "
"2000/01","S08000015","SMR01"," ",765,760,730,610,"",":"
"2000/01","S08000015","SMR04"," ",2325,2350,2190,1580,"425"," "
"2000/01","S08000016","Total","d",835,830,745,580,"125"," "
"2000/01","S08000016","SMR01"," ",205,210,200,180,"",":"
"2000/01","S08000016","SMR04"," ",630,620,545,420,"125"," "
"2000/01","S08000017","Total","d",1070,1105,970,785,"160"," "
"2000/01","S08000017","SMR01"," ",245,245,215,190,"",":"
"2000/01","S08000017","SMR04"," ",825,860,755,630,"160"," "
"2000/01","S08000029","Total","d",2070,2090,1825,1415,"430"," "
"2000/01","S08000029","SMR01"," ",360,360,295,265,"",":"
"2000/01","S08000029","SMR04"," ",1710,1730,1530,1170,"430"," "
"2000/01","S08000019","Total","d",1585,1575,1370,1100,"320"," "
"2000/01","S08000019","SMR01"," ",275,280,260,250,"",":"
"2000/01","S08000019","SMR04"," ",1310,1295,1110,870,"320"," "
"2000/01","S08000020","Total","d",3670,3705,3165,2465,"570"," "
"2000/01","S08000020","SMR01"," ",1000,1005,920,810,"",":"
"2000/01","S08000020","SMR04"," ",2670,2705,2245,1735,"570"," "
"2000/01","S08000031","Total","d",10590,10670,9615,7490,"1820"," "
"2000/01","S08000031","SMR01"," ",2645,2640,2365,2110,"",":"
"2000/01","S08000031","SMR04"," ",7945,8030,7250,5610,"1820"," "
"2000/01","S08000022","Total","d",3585,3600,3265,2305,"355"," "
"2000/01","S08000022","SMR01"," ",1240,1260,1165,930,"",":"
"2000/01","S08000022","SMR04"," ",2345,2340,2095,1535,"355"," "
"2000/01","S08000032","Total","d",3845,3855,3375,2580,"625"," "
"2000/01","S08000032","SMR01"," ",875,885,780,665,"",":"
"2000/01","S08000032","SMR04"," ",2970,2970,2595,1980,"625"," "
"2000/01","S08000024","Total","d",6055,6095,5350,4035,"935"," "
"2000/01","S08000024","SMR01"," ",1120,1125,975,890,"",":"
"2000/01","S08000024","SMR04"," ",4935,4970,4375,3260,"935"," "
"2000/01","S08000025","Total","d",75,75,70,60,"0"," "
"2000/01","S08000025","SMR01"," ",75,75,70,60,"",":"
"2000/01","S08000025","SMR04"," ",0,0,0,0,"0"," "
"2000/01","S08000026","Total","d",95,95,95,80,"0"," "
"2000/01","S08000026","SMR01"," ",95,95,95,80,"",":"
"2000/01","S08000026","SMR04"," ",0,0,0,0,"0"," "
"2000/01","S08000030","Total","d",3210,3270,2995,2315,"595"," "
"2000/01","S08000030","SMR01"," ",595,605,585,540,"",":"
"2000/01","S08000030","SMR04"," ",2615,2665,2410,1845,"595"," "
"2000/01","S08000028","Total","d",330,330,315,215,"35"," "
"2000/01","S08000028","SMR01"," ",145,145,145,110,"",":"
"2000/01","S08000028","SMR04"," ",185,185,170,110,"35"," "
"2000/01","SB0802","Total","d",105,110,25,105,"230"," "
"2000/01","SB0802","SMR01"," ",0,0,0,0,"",":"
"2000/01","SB0802","SMR04"," ",105,110,25,105,"230"," "
"2001/02","S08000015","Total","d",3095,3125,2900,2085,"390"," "
"2001/02","S08000015","SMR01"," ",800,800,760,630,"",":"
"2001/02","S08000015","SMR04"," ",2295,2325,2145,1545,"390"," "
"2001/02","S08000016","Total","d",915,925,845,645,"115"," "
"2001/02","S08000016","SMR01"," ",265,265,250,215,"",":"
"2001/02","S08000016","SMR04"," ",650,665,590,460,"115"," "
"2001/02","S08000017","Total","d",1070,1080,970,775,"150"," "
"2001/02","S08000017","SMR01"," ",295,300,260,235,"",":"
"2001/02","S08000017","SMR04"," ",770,780,710,575,"150"," "
"2001/02","S08000029","Total","d",2170,2180,1845,1460,"420"," "
"2001/02","S08000029","SMR01"," ",335,335,290,275,"",":"
"2001/02","S08000029","SMR04"," ",1835,1845,1550,1220,"420"," "
"2001/02","S08000019","Total","d",1535,1555,1385,1100,"295"," "
"2001/02","S08000019","SMR01"," ",260,255,245,230,"",":"
"2001/02","S08000019","SMR04"," ",1275,1300,1140,885,"295"," "
"2001/02","S08000020","Total","d",3530,3555,3125,2400,"560"," "
"2001/02","S08000020","SMR01"," ",1060,1055,980,865,"",":"
"2001/02","S08000020","SMR04"," ",2470,2500,2145,1605,"560"," "
"2001/02","S08000031","Total","d",10480,10560,9185,7250,"1755"," "
"2001/02","S08000031","SMR01"," ",2830,2845,2395,2155,"",":"
"2001/02","S08000031","SMR04"," ",7650,7715,6790,5320,"1755"," "
"2001/02","S08000022","Total","d",3005,3040,2885,2095,"315"," "
"2001/02","S08000022","SMR01"," ",1055,1050,980,810,"",":"
"2001/02","S08000022","SMR04"," ",1950,1990,1910,1410,"315"," "
"2001/02","S08000032","Total","d",3690,3710,3255,2550,"605"," "
"2001/02","S08000032","SMR01"," ",790,785,690,610,"",":"
"2001/02","S08000032","SMR04"," ",2900,2925,2565,1995,"605"," "
"2001/02","S08000024","Total","d",6445,6465,5525,4180,"895"," "
"2001/02","S08000024","SMR01"," ",1305,1295,1055,965,"",":"
"2001/02","S08000024","SMR04"," ",5140,5175,4475,3340,"895"," "
"2001/02","S08000025","Total","d",75,75,75,65,"0"," "
"2001/02","S08000025","SMR01"," ",75,75,75,65,"",":"
"2001/02","S08000025","SMR04"," ",0,0,0,0,"0"," "
"2001/02","S08000026","Total","d",80,80,80,70,"0"," "
"2001/02","S08000026","SMR01"," ",80,80,80,70,"",":"
"2001/02","S08000026","SMR04"," ",0,0,0,0,"0"," "
"2001/02","S08000030","Total","d",3190,3240,2910,2260,"545"," "
"2001/02","S08000030","SMR01"," ",605,600,580,515,"",":"
"2001/02","S08000030","SMR04"," ",2585,2635,2330,1815,"545"," "
"2001/02","S08000028","Total","d",335,335,325,215,"35"," "
"2001/02","S08000028","SMR01"," ",160,160,155,125,"",":"
"2001/02","S08000028","SMR04"," ",175,175,170,105,"35"," "
"2001/02","SB0802","Total","d",155,155,25,135,"235"," "
"2001/02","SB0802","SMR01"," ",0,0,0,0,"",":"
"2001/02","SB0802","SMR04"," ",155,155,25,135,"235"," "
"2002/03","S08000015","Total","d",2840,2875,2710,2025,"355"," "
"2002/03","S08000015","SMR01"," ",770,770,755,640,"",":"
"2002/03","S08000015","SMR04"," ",2070,2105,1955,1455,"355"," "
"2002/03","S08000016","Total","d",980,990,890,680,"105"," "
"2002/03","S08000016","SMR01"," ",290,295,275,240,"",":"
"2002/03","S08000016","SMR04"," ",690,695,615,470,"105"," "
"2002/03","S08000017","Total","d",1015,1020,945,735,"145"," "
"2002/03","S08000017","SMR01"," ",260,255,230,200,"",":"
"2002/03","S08000017","SMR04"," ",755,765,715,565,"145"," "
"2002/03","S08000029","Total","d",2130,2220,1905,1470,"325"," "
"2002/03","S08000029","SMR01"," ",345,345,270,260,"",":"
"2002/03","S08000029","SMR04"," ",1790,1880,1635,1235,"325"," "
"2002/03","S08000019","Total","d",1605,1585,1400,1145,"315"," "
"2002/03","S08000019","SMR01"," ",270,270,265,250,"",":"
"2002/03","S08000019","SMR04"," ",1335,1315,1135,920,"315"," "
"2002/03","S08000020","Total","d",3195,3250,2945,2310,"520"," "
"2002/03","S08000020","SMR01"," ",880,895,855,735,"",":"
"2002/03","S08000020","SMR04"," ",2315,2355,2090,1635,"520"," "
"2002/03","S08000031","Total","d",10155,10195,8980,7170,"1705"," "
"2002/03","S08000031","SMR01"," ",2885,2875,2350,2170,"",":"
"2002/03","S08000031","SMR04"," ",7270,7325,6635,5220,"1705"," "
"2002/03","S08000022","Total","d",3050,3040,2890,2090,"315"," "
"2002/03","S08000022","SMR01"," ",1050,1040,980,795,"",":"
"2002/03","S08000022","SMR04"," ",1995,1995,1910,1420,"315"," "
"2002/03","S08000032","Total","d",3870,3910,3435,2740,"565"," "
"2002/03","S08000032","SMR01"," ",895,900,760,680,"",":"
"2002/03","S08000032","SMR04"," ",2975,3010,2675,2140,"565"," "
"2002/03","S08000024","Total","d",6545,6575,5615,4260,"870"," "
"2002/03","S08000024","SMR01"," ",1440,1445,1175,1060,"",":"
"2002/03","S08000024","SMR04"," ",5105,5135,4445,3335,"870"," "
"2002/03","S08000025","Total","d",65,65,65,55,"0"," "
"2002/03","S08000025","SMR01"," ",65,65,65,55,"",":"
"2002/03","S08000025","SMR04"," ",0,0,0,0,"0"," "
"2002/03","S08000026","Total","d",100,105,100,75,"0"," "
"2002/03","S08000026","SMR01"," ",100,105,100,75,"",":"
"2002/03","S08000026","SMR04"," ",0,0,0,0,"0"," "
"2002/03","S08000030","Total","d",2805,2855,2585,2080,"495"," "
"2002/03","S08000030","SMR01"," ",505,505,490,440,"",":"
"2002/03","S08000030","SMR04"," ",2300,2350,2095,1685,"495"," "
"2002/03","S08000028","Total","d",365,360,350,225,"35"," "
"2002/03","S08000028","SMR01"," ",180,180,180,140,"",":"
"2002/03","S08000028","SMR04"," ",180,180,170,95,"35"," "
"2002/03","SB0802","Total","d",260,255,30,170,"235"," "
"2002/03","SB0802","SMR01"," ",0,0,0,0,"",":"
"2002/03","SB0802","SMR04"," ",260,255,30,170,"235"," "
"2003/04","S08000015","Total","d",2875,2875,2670,2035,"360"," "
"2003/04","S08000015","SMR01"," ",830,830,790,670,"",":"
"2003/04","S08000015","SMR04"," ",2045,2045,1880,1440,"360"," "
"2003/04","S08000016","Total","d",1050,1040,930,685,"115"," "
"2003/04","S08000016","SMR01"," ",285,285,260,235,"",":"
"2003/04","S08000016","SMR04"," ",765,755,670,480,"115"," "
"2003/04","S08000017","Total","d",975,995,895,690,"120"," "
"2003/04","S08000017","SMR01"," ",205,210,180,170,"",":"
"2003/04","S08000017","SMR04"," ",770,790,710,550,"120"," "
"2003/04","S08000029","Total","d",2090,2055,1820,1400,"370"," "
"2003/04","S08000029","SMR01"," ",300,305,260,230,"",":"
"2003/04","S08000029","SMR04"," ",1790,1750,1560,1190,"370"," "
"2003/04","S08000019","Total","d",1675,1700,1450,1165,"290"," "
"2003/04","S08000019","SMR01"," ",320,325,305,275,"",":"
"2003/04","S08000019","SMR04"," ",1355,1380,1145,925,"290"," "
"2003/04","S08000020","Total","d",3300,3330,2920,2330,"485"," "
"2003/04","S08000020","SMR01"," ",915,905,825,730,"",":"
"2003/04","S08000020","SMR04"," ",2385,2425,2100,1665,"485"," "
"2003/04","S08000031","Total","d",10010,10155,8770,7095,"1560"," "
"2003/04","S08000031","SMR01"," ",3085,3085,2450,2225,"",":"
"2003/04","S08000031","SMR04"," ",6925,7070,6320,5085,"1560"," "
"2003/04","S08000022","Total","d",2865,2880,2695,2040,"295"," "
"2003/04","S08000022","SMR01"," ",1015,1015,905,760,"",":"
"2003/04","S08000022","SMR04"," ",1845,1865,1790,1400,"295"," "
"2003/04","S08000032","Total","d",3925,3910,3285,2695,"575"," "
"2003/04","S08000032","SMR01"," ",1040,1035,805,710,"",":"
"2003/04","S08000032","SMR04"," ",2885,2875,2485,2070,"575"," "
"2003/04","S08000024","Total","d",6275,6255,5265,4140,"885"," "
"2003/04","S08000024","SMR01"," ",1470,1465,1140,1055,"",":"
"2003/04","S08000024","SMR04"," ",4805,4795,4125,3235,"885"," "
"2003/04","S08000025","Total","d",80,80,75,65,"0"," "
"2003/04","S08000025","SMR01"," ",80,80,75,65,"",":"
"2003/04","S08000025","SMR04"," ",0,0,0,0,"0"," "
"2003/04","S08000026","Total","d",85,85,85,70,"0"," "
"2003/04","S08000026","SMR01"," ",85,85,85,70,"",":"
"2003/04","S08000026","SMR04"," ",0,0,0,0,"0"," "
"2003/04","S08000030","Total","d",2935,2955,2635,2140,"485"," "
"2003/04","S08000030","SMR01"," ",550,560,530,490,"",":"
"2003/04","S08000030","SMR04"," ",2385,2395,2105,1715,"485"," "
"2003/04","S08000028","Total","d",405,400,385,260,"40"," "
"2003/04","S08000028","SMR01"," ",215,215,210,165,"",":"
"2003/04","S08000028","SMR04"," ",185,185,180,110,"40"," "
"2003/04","SB0802","Total","d",270,280,35,160,"225"," "
"2003/04","SB0802","SMR01"," ",0,0,0,0,"",":"
"2003/04","SB0802","SMR04"," ",270,280,35,160,"225"," "
"2004/05","S08000015","Total","d",3000,3000,2765,2025,"365"," "
"2004/05","S08000015","SMR01"," ",930,935,875,700,"",":"
"2004/05","S08000015","SMR04"," ",2070,2065,1895,1430,"365"," "
"2004/05","S08000016","Total","d",1045,1055,935,685,"110"," "
"2004/05","S08000016","SMR01"," ",275,280,250,210,"",":"
"2004/05","S08000016","SMR04"," ",770,775,685,495,"110"," "
"2004/05","S08000017","Total","d",940,935,845,670,"130"," "
"2004/05","S08000017","SMR01"," ",215,215,185,180,"",":"
"2004/05","S08000017","SMR04"," ",725,720,660,515,"130"," "
"2004/05","S08000029","Total","d",1960,1975,1725,1355,"350"," "
"2004/05","S08000029","SMR01"," ",295,295,230,220,"",":"
"2004/05","S08000029","SMR04"," ",1665,1685,1495,1175,"350"," "
"2004/05","S08000019","Total","d",1700,1715,1410,1185,"275"," "
"2004/05","S08000019","SMR01"," ",315,315,290,270,"",":"
"2004/05","S08000019","SMR04"," ",1385,1400,1115,945,"275"," "
"2004/05","S08000020","Total","d",2950,2960,2650,2140,"485"," "
"2004/05","S08000020","SMR01"," ",775,785,740,665,"",":"
"2004/05","S08000020","SMR04"," ",2175,2175,1905,1535,"485"," "
"2004/05","S08000031","Total","d",9490,9590,8340,6715,"1475"," "
"2004/05","S08000031","SMR01"," ",2770,2780,2275,2055,"",":"
"2004/05","S08000031","SMR04"," ",6720,6805,6065,4860,"1475"," "
"2004/05","S08000022","Total","d",2695,2695,2500,1850,"300"," "
"2004/05","S08000022","SMR01"," ",1035,1040,905,740,"",":"
"2004/05","S08000022","SMR04"," ",1660,1655,1595,1240,"300"," "
"2004/05","S08000032","Total","d",3895,3955,3355,2690,"520"," "
"2004/05","S08000032","SMR01"," ",1035,1040,790,685,"",":"
"2004/05","S08000032","SMR04"," ",2860,2915,2570,2100,"520"," "
"2004/05","S08000024","Total","d",6100,6190,5250,4030,"800"," "
"2004/05","S08000024","SMR01"," ",1340,1345,1075,1010,"",":"
"2004/05","S08000024","SMR04"," ",4760,4845,4175,3150,"800"," "
"2004/05","S08000025","Total","d",80,80,80,65,"0"," "
"2004/05","S08000025","SMR01"," ",80,80,80,65,"",":"
"2004/05","S08000025","SMR04"," ",0,0,0,0,"0"," "
"2004/05","S08000026","Total","d",75,75,70,60,"0"," "
"2004/05","S08000026","SMR01"," ",75,75,70,60,"",":"
"2004/05","S08000026","SMR04"," ",0,0,0,0,"0"," "
"2004/05","S08000030","Total","d",2630,2695,2365,1970,"415"," "
"2004/05","S08000030","SMR01"," ",495,485,465,425,"",":"
"2004/05","S08000030","SMR04"," ",2130,2210,1900,1600,"415"," "
"2004/05","S08000028","Total","d",350,350,340,240,"40"," "
"2004/05","S08000028","SMR01"," ",195,195,190,150,"",":"
"2004/05","S08000028","SMR04"," ",160,155,150,100,"40"," "
"2004/05","SB0802","Total","d",310,310,20,170,"225"," "
"2004/05","SB0802","SMR01"," ",0,0,0,0,"",":"
"2004/05","SB0802","SMR04"," ",310,310,20,170,"225"," "
"2005/06","S08000015","Total","d",2730,2750,2510,1935,"345"," "
"2005/06","S08000015","SMR01"," ",805,800,755,635,"",":"
"2005/06","S08000015","SMR04"," ",1925,1950,1755,1375,"345"," "
"2005/06","S08000016","Total","d",925,925,805,605,"110"," "
"2005/06","S08000016","SMR01"," ",300,295,255,220,"",":"
"2005/06","S08000016","SMR04"," ",625,625,550,415,"110"," "
"2005/06","S08000017","Total","d",900,885,800,650,"145"," "
"2005/06","S08000017","SMR01"," ",205,205,170,160,"",":"
"2005/06","S08000017","SMR04"," ",700,680,625,510,"145"," "
"2005/06","S08000029","Total","d",2065,2090,1810,1450,"325"," "
"2005/06","S08000029","SMR01"," ",295,295,235,225,"",":"
"2005/06","S08000029","SMR04"," ",1770,1795,1580,1250,"325"," "
"2005/06","S08000019","Total","d",1525,1545,1225,1055,"255"," "
"2005/06","S08000019","SMR01"," ",270,270,235,215,"",":"
"2005/06","S08000019","SMR04"," ",1255,1280,995,855,"255"," "
"2005/06","S08000020","Total","d",2665,2710,2425,2020,"435"," "
"2005/06","S08000020","SMR01"," ",725,720,660,585,"",":"
"2005/06","S08000020","SMR04"," ",1940,1985,1765,1480,"435"," "
"2005/06","S08000031","Total","d",9585,9630,8355,6620,"1425"," "
"2005/06","S08000031","SMR01"," ",2905,2905,2340,2040,"",":"
"2005/06","S08000031","SMR04"," ",6680,6725,6015,4800,"1425"," "
"2005/06","S08000022","Total","d",2425,2455,2270,1735,"270"," "
"2005/06","S08000022","SMR01"," ",1005,1005,875,730,"",":"
"2005/06","S08000022","SMR04"," ",1420,1450,1390,1100,"270"," "
"2005/06","S08000032","Total","d",3645,3655,3080,2445,"510"," "
"2005/06","S08000032","SMR01"," ",1005,1000,760,660,"",":"
"2005/06","S08000032","SMR04"," ",2640,2655,2320,1865,"510"," "
"2005/06","S08000024","Total","d",6075,6140,5235,4010,"730"," "
"2005/06","S08000024","SMR01"," ",1515,1505,1195,1080,"",":"
"2005/06","S08000024","SMR04"," ",4565,4635,4040,3070,"730"," "
"2005/06","S08000025","Total","d",45,45,45,45,"0"," "
"2005/06","S08000025","SMR01"," ",45,45,45,45,"",":"
"2005/06","S08000025","SMR04"," ",0,0,0,0,"0"," "
"2005/06","S08000026","Total","d",65,65,65,45,"0"," "
"2005/06","S08000026","SMR01"," ",65,65,65,45,"",":"
"2005/06","S08000026","SMR04"," ",0,0,0,0,"0"," "
"2005/06","S08000030","Total","d",2580,2615,2405,1925,"390"," "
"2005/06","S08000030","SMR01"," ",445,450,440,410,"",":"
"2005/06","S08000030","SMR04"," ",2135,2160,1965,1560,"390"," "
"2005/06","S08000028","Total","d",370,380,370,275,"35"," "
"2005/06","S08000028","SMR01"," ",210,210,210,165,"",":"
"2005/06","S08000028","SMR04"," ",160,165,160,120,"35"," "
"2005/06","SB0802","Total","d",215,230,30,145,"210"," "
"2005/06","SB0802","SMR01"," ",0,0,0,0,"",":"
"2005/06","SB0802","SMR04"," ",215,230,30,145,"210"," "
"2006/07","S08000015","Total","d",2545,2560,2355,1835,"330"," "
"2006/07","S08000015","SMR01"," ",800,805,770,660,"",":"
"2006/07","S08000015","SMR04"," ",1745,1760,1585,1250,"330"," "
"2006/07","S08000016","Total","d",1135,1140,1005,675,"110"," "
"2006/07","S08000016","SMR01"," ",330,335,300,265,"",":"
"2006/07","S08000016","SMR04"," ",805,805,705,435,"110"," "
"2006/07","S08000017","Total","d",850,870,785,655,"120"," "
"2006/07","S08000017","SMR01"," ",235,230,200,190,"",":"
"2006/07","S08000017","SMR04"," ",615,640,585,490,"120"," "
"2006/07","S08000029","Total","d",2050,2035,1750,1365,"330"," "
"2006/07","S08000029","SMR01"," ",415,405,315,290,"",":"
"2006/07","S08000029","SMR04"," ",1635,1630,1435,1120,"330"," "
"2006/07","S08000019","Total","d",1450,1465,1175,990,"235"," "
"2006/07","S08000019","SMR01"," ",285,280,220,200,"",":"
"2006/07","S08000019","SMR04"," ",1165,1185,955,810,"235"," "
"2006/07","S08000020","Total","d",2720,2765,2495,2055,"405"," "
"2006/07","S08000020","SMR01"," ",735,745,700,605,"",":"
"2006/07","S08000020","SMR04"," ",1985,2015,1795,1520,"405"," "
"2006/07","S08000031","Total","d",9765,9790,8415,6760,"1390"," "
"2006/07","S08000031","SMR01"," ",3505,3500,2825,2480,"",":"
"2006/07","S08000031","SMR04"," ",6260,6295,5590,4515,"1390"," "
"2006/07","S08000022","Total","d",2545,2550,2275,1720,"260"," "
"2006/07","S08000022","SMR01"," ",1140,1140,945,755,"",":"
"2006/07","S08000022","SMR04"," ",1405,1410,1330,1080,"260"," "
"2006/07","S08000032","Total","d",3815,3870,3180,2485,"460"," "
"2006/07","S08000032","SMR01"," ",1170,1175,885,735,"",":"
"2006/07","S08000032","SMR04"," ",2640,2695,2295,1855,"460"," "
"2006/07","S08000024","Total","d",5850,5865,4940,3825,"710"," "
"2006/07","S08000024","SMR01"," ",1735,1730,1315,1180,"",":"
"2006/07","S08000024","SMR04"," ",4115,4135,3625,2800,"710"," "
"2006/07","S08000025","Total","d",55,50,50,40,"0"," "
"2006/07","S08000025","SMR01"," ",55,50,50,40,"",":"
"2006/07","S08000025","SMR04"," ",0,0,0,0,"0"," "
"2006/07","S08000026","Total","d",75,75,75,60,"0"," "
"2006/07","S08000026","SMR01"," ",75,75,75,60,"",":"
"2006/07","S08000026","SMR04"," ",0,0,0,0,"0"," "
"2006/07","S08000030","Total","d",2435,2440,2260,1815,"385"," "
"2006/07","S08000030","SMR01"," ",430,430,410,385,"",":"
"2006/07","S08000030","SMR04"," ",2005,2010,1850,1485,"385"," "
"2006/07","S08000028","Total","d",340,345,330,245,"30"," "
"2006/07","S08000028","SMR01"," ",230,230,225,170,"",":"
"2006/07","S08000028","SMR04"," ",110,115,100,85,"30"," "
"2006/07","SB0802","Total","d",125,140,25,110,"195"," "
"2006/07","SB0802","SMR01"," ",0,0,0,0,"",":"
"2006/07","SB0802","SMR04"," ",125,140,25,110,"195"," "
"2007/08","S08000015","Total","d",2600,2625,2385,1850,"300"," "
"2007/08","S08000015","SMR01"," ",870,865,820,690,"",":"
"2007/08","S08000015","SMR04"," ",1730,1760,1570,1240,"300"," "
"2007/08","S08000016","Total","d",1000,1015,915,645,"90"," "
"2007/08","S08000016","SMR01"," ",300,295,255,225,"",":"
"2007/08","S08000016","SMR04"," ",700,720,660,440,"90"," "
"2007/08","S08000017","Total","d",920,920,825,675,"110"," "
"2007/08","S08000017","SMR01"," ",310,305,250,225,"",":"
"2007/08","S08000017","SMR04"," ",610,620,580,475,"110"," "
"2007/08","S08000029","Total","d",2115,2155,1775,1405,"295"," "
"2007/08","S08000029","SMR01"," ",585,590,410,380,"",":"
"2007/08","S08000029","SMR04"," ",1530,1565,1365,1070,"295"," "
"2007/08","S08000019","Total","d",1440,1450,1180,975,"225"," "
"2007/08","S08000019","SMR01"," ",300,295,235,220,"",":"
"2007/08","S08000019","SMR04"," ",1140,1155,945,775,"225"," "
"2007/08","S08000020","Total","d",2795,2835,2540,2010,"360"," "
"2007/08","S08000020","SMR01"," ",900,895,805,675,"",":"
"2007/08","S08000020","SMR04"," ",1895,1940,1735,1400,"360"," "
"2007/08","S08000031","Total","d",9905,10010,8620,6795,"1280"," "
"2007/08","S08000031","SMR01"," ",3790,3790,2985,2515,"",":"
"2007/08","S08000031","SMR04"," ",6115,6225,5635,4510,"1280"," "
"2007/08","S08000022","Total","d",2540,2555,2310,1815,"245"," "
"2007/08","S08000022","SMR01"," ",1180,1180,990,795,"",":"
"2007/08","S08000022","SMR04"," ",1360,1380,1320,1105,"245"," "
"2007/08","S08000032","Total","d",4045,4040,3245,2495,"455"," "
"2007/08","S08000032","SMR01"," ",1600,1590,1150,905,"",":"
"2007/08","S08000032","SMR04"," ",2450,2450,2090,1685,"455"," "
"2007/08","S08000024","Total","d",5830,5835,4915,3895,"695"," "
"2007/08","S08000024","SMR01"," ",1960,1955,1505,1320,"",":"
"2007/08","S08000024","SMR04"," ",3870,3880,3410,2740,"695"," "
"2007/08","S08000025","Total","d",55,60,60,55,"0"," "
"2007/08","S08000025","SMR01"," ",55,60,60,55,"",":"
"2007/08","S08000025","SMR04"," ",0,0,0,0,"0"," "
"2007/08","S08000026","Total","d",75,75,75,55,"0"," "
"2007/08","S08000026","SMR01"," ",75,75,75,55,"",":"
"2007/08","S08000026","SMR04"," ",0,0,0,0,"0"," "
"2007/08","S08000030","Total","d",2610,2640,2470,1960,"360"," "
"2007/08","S08000030","SMR01"," ",505,510,495,445,"",":"
"2007/08","S08000030","SMR04"," ",2100,2125,1975,1570,"360"," "
"2007/08","S08000028","Total","d",250,255,245,200,"20"," "
"2007/08","S08000028","SMR01"," ",160,155,150,125,"",":"
"2007/08","S08000028","SMR04"," ",90,100,95,80,"20"," "
"2007/08","SB0802","Total","d",100,125,30,110,"175"," "
"2007/08","SB0802","SMR01"," ",0,0,0,0,"",":"
"2007/08","SB0802","SMR04"," ",100,125,30,110,"175"," "
"2008/09","S08000015","Total","d",2425,2455,2235,1730,"265"," "
"2008/09","S08000015","SMR01"," ",815,815,775,635,"",":"
"2008/09","S08000015","SMR04"," ",1610,1640,1460,1200,"265"," "
"2008/09","S08000016","Total","d",970,965,880,655,"95"," "
"2008/09","S08000016","SMR01"," ",300,300,280,235,"",":"
"2008/09","S08000016","SMR04"," ",670,665,605,440,"95"," "
"2008/09","S08000017","Total","d",875,890,795,650,"100"," "
"2008/09","S08000017","SMR01"," ",280,295,240,220,"",":"
"2008/09","S08000017","SMR04"," ",590,595,555,460,"100"," "
"2008/09","S08000029","Total","d",2060,2085,1760,1395,"275"," "
"2008/09","S08000029","SMR01"," ",595,595,405,370,"",":"
"2008/09","S08000029","SMR04"," ",1470,1490,1355,1065,"275"," "
"2008/09","S08000019","Total","d",1460,1465,1290,1035,"220"," "
"2008/09","S08000019","SMR01"," ",320,330,265,245,"",":"
"2008/09","S08000019","SMR04"," ",1140,1140,1025,820,"220"," "
"2008/09","S08000020","Total","d",2795,2845,2570,2085,"310"," "
"2008/09","S08000020","SMR01"," ",925,920,825,690,"",":"
"2008/09","S08000020","SMR04"," ",1870,1920,1745,1440,"310"," "
"2008/09","S08000031","Total","d",10350,10475,8985,7020,"1175"," "
"2008/09","S08000031","SMR01"," ",4005,4030,3150,2570,"",":"
"2008/09","S08000031","SMR04"," ",6345,6445,5830,4735,"1175"," "
"2008/09","S08000022","Total","d",2510,2530,2310,1805,"235"," "
"2008/09","S08000022","SMR01"," ",1170,1180,1000,850,"",":"
"2008/09","S08000022","SMR04"," ",1345,1355,1310,1075,"235"," "
"2008/09","S08000032","Total","d",4075,4110,3355,2615,"430"," "
"2008/09","S08000032","SMR01"," ",1645,1655,1175,910,"",":"
"2008/09","S08000032","SMR04"," ",2430,2455,2175,1810,"430"," "
"2008/09","S08000024","Total","d",5525,5560,4660,3735,"665"," "
"2008/09","S08000024","SMR01"," ",1960,1965,1430,1280,"",":"
"2008/09","S08000024","SMR04"," ",3565,3590,3230,2620,"665"," "
"2008/09","S08000025","Total","d",55,55,50,45,"0"," "
"2008/09","S08000025","SMR01"," ",55,55,50,45,"",":"
"2008/09","S08000025","SMR04"," ",0,0,0,0,"0"," "
"2008/09","S08000026","Total","d",60,60,60,50,"0"," "
"2008/09","S08000026","SMR01"," ",60,60,60,50,"",":"
"2008/09","S08000026","SMR04"," ",0,0,0,0,"0"," "
"2008/09","S08000030","Total","d",2695,2710,2520,2035,"345"," "
"2008/09","S08000030","SMR01"," ",535,535,490,450,"",":"
"2008/09","S08000030","SMR04"," ",2160,2175,2030,1650,"345"," "
"2008/09","S08000028","Total","d",240,235,225,175,"30"," "
"2008/09","S08000028","SMR01"," ",140,140,140,110,"",":"
"2008/09","S08000028","SMR04"," ",100,90,85,75,"30"," "
"2008/09","SB0802","Total","d",115,135,30,95,"155"," "
"2008/09","SB0802","SMR01"," ",0,0,0,0,"",":"
"2008/09","SB0802","SMR04"," ",115,135,30,95,"155"," "
"2009/10","S08000015","Total","d",2530,2525,2250,1730,"270"," "
"2009/10","S08000015","SMR01"," ",895,890,830,655,"",":"
"2009/10","S08000015","SMR04"," ",1635,1630,1420,1180,"270"," "
"2009/10","S08000016","Total","d",815,825,745,560,"85"," "
"2009/10","S08000016","SMR01"," ",255,255,225,195,"",":"
"2009/10","S08000016","SMR04"," ",565,570,520,390,"85"," "
"2009/10","S08000017","Total","d",900,905,800,645,"90"," "
"2009/10","S08000017","SMR01"," ",245,240,190,180,"",":"
"2009/10","S08000017","SMR04"," ",655,665,610,485,"90"," "
"2009/10","S08000029","Total","d",2210,2190,1770,1465,"290"," "
"2009/10","S08000029","SMR01"," ",650,640,425,400,"",":"
"2009/10","S08000029","SMR04"," ",1565,1550,1345,1110,"290"," "
"2009/10","S08000019","Total","d",1370,1395,1210,1000,"200"," "
"2009/10","S08000019","SMR01"," ",310,310,250,220,"",":"
"2009/10","S08000019","SMR04"," ",1065,1085,960,805,"200"," "
"2009/10","S08000020","Total","d",2855,2865,2535,1995,"300"," "
"2009/10","S08000020","SMR01"," ",1040,1045,835,695,"",":"
"2009/10","S08000020","SMR04"," ",1815,1825,1700,1360,"300"," "
"2009/10","S08000031","Total","d",9455,9515,8105,6430,"1110"," "
"2009/10","S08000031","SMR01"," ",3845,3835,3105,2550,"",":"
"2009/10","S08000031","SMR04"," ",5615,5680,5000,4125,"1110"," "
"2009/10","S08000022","Total","d",2205,2180,1965,1575,"250"," "
"2009/10","S08000022","SMR01"," ",990,980,815,670,"",":"
"2009/10","S08000022","SMR04"," ",1220,1200,1150,990,"250"," "
"2009/10","S08000032","Total","d",3870,3895,3110,2580,"400"," "
"2009/10","S08000032","SMR01"," ",1535,1535,1045,875,"",":"
"2009/10","S08000032","SMR04"," ",2330,2360,2065,1770,"400"," "
"2009/10","S08000024","Total","d",5330,5335,4420,3550,"660"," "
"2009/10","S08000024","SMR01"," ",2010,2005,1445,1305,"",":"
"2009/10","S08000024","SMR04"," ",3320,3330,2975,2410,"660"," "
"2009/10","S08000025","Total","d",55,55,55,50,"0"," "
"2009/10","S08000025","SMR01"," ",55,55,55,50,"",":"
"2009/10","S08000025","SMR04"," ",0,0,0,0,"0"," "
"2009/10","S08000026","Total","d",50,50,50,50,"0"," "
"2009/10","S08000026","SMR01"," ",50,50,50,50,"",":"
"2009/10","S08000026","SMR04"," ",0,0,0,0,"0"," "
"2009/10","S08000030","Total","d",2650,2665,2470,2030,"340"," "
"2009/10","S08000030","SMR01"," ",490,495,480,435,"",":"
"2009/10","S08000030","SMR04"," ",2160,2170,1995,1645,"340"," "
"2009/10","S08000028","Total","d",200,205,190,155,"25"," "
"2009/10","S08000028","SMR01"," ",135,135,130,110,"",":"
"2009/10","S08000028","SMR04"," ",60,70,60,55,"25"," "
"2009/10","SB0802","Total","d",140,155,10,105,"135"," "
"2009/10","SB0802","SMR01"," ",0,0,0,0,"",":"
"2009/10","SB0802","SMR04"," ",140,155,10,105,"135"," "
"2010/11","S08000015","Total","d",2615,2605,2275,1810,"280"," "
"2010/11","S08000015","SMR01"," ",965,965,875,715,"",":"
"2010/11","S08000015","SMR04"," ",1645,1640,1400,1200,"280"," "
"2010/11","S08000016","Total","d",855,865,770,590,"80"," "
"2010/11","S08000016","SMR01"," ",300,305,275,230,"",":"
"2010/11","S08000016","SMR04"," ",555,560,500,380,"80"," "
"2010/11","S08000017","Total","d",1065,1075,955,690,"85"," "
"2010/11","S08000017","SMR01"," ",330,330,255,220,"",":"
"2010/11","S08000017","SMR04"," ",740,745,700,510,"85"," "
"2010/11","S08000029","Total","d",2145,2170,1645,1405,"275"," "
"2010/11","S08000029","SMR01"," ",695,705,455,410,"",":"
"2010/11","S08000029","SMR04"," ",1450,1465,1185,1025,"275"," "
"2010/11","S08000019","Total","d",1385,1400,1150,960,"190"," "
"2010/11","S08000019","SMR01"," ",245,245,180,160,"",":"
"2010/11","S08000019","SMR04"," ",1140,1155,970,815,"190"," "
"2010/11","S08000020","Total","d",3205,3215,2630,2035,"295"," "
"2010/11","S08000020","SMR01"," ",1260,1265,820,700,"",":"
"2010/11","S08000020","SMR04"," ",1945,1950,1810,1400,"295"," "
"2010/11","S08000031","Total","d",9465,9425,7580,6050,"1145"," "
"2010/11","S08000031","SMR01"," ",4380,4365,3290,2645,"",":"
"2010/11","S08000031","SMR04"," ",5090,5055,4290,3660,"1145"," "
"2010/11","S08000022","Total","d",2110,2175,2005,1610,"205"," "
"2010/11","S08000022","SMR01"," ",875,890,760,650,"",":"
"2010/11","S08000022","SMR04"," ",1240,1280,1245,1045,"205"," "
"2010/11","S08000032","Total","d",4010,4055,3310,2690,"360"," "
"2010/11","S08000032","SMR01"," ",1655,1660,1185,1000,"",":"
"2010/11","S08000032","SMR04"," ",2355,2395,2125,1780,"360"," "
"2010/11","S08000024","Total","d",5340,5365,4355,3625,"630"," "
"2010/11","S08000024","SMR01"," ",2260,2250,1540,1410,"",":"
"2010/11","S08000024","SMR04"," ",3080,3115,2815,2400,"630"," "
"2010/11","S08000025","Total","d",65,65,60,50,"0"," "
"2010/11","S08000025","SMR01"," ",65,65,60,50,"",":"
"2010/11","S08000025","SMR04"," ",0,0,0,0,"0"," "
"2010/11","S08000026","Total","d",70,75,75,60,"0"," "
"2010/11","S08000026","SMR01"," ",70,75,75,60,"",":"
"2010/11","S08000026","SMR04"," ",0,0,0,0,"0"," "
"2010/11","S08000030","Total","d",2400,2440,2195,1815,"300"," "
"2010/11","S08000030","SMR01"," ",515,515,450,430,"",":"
"2010/11","S08000030","SMR04"," ",1885,1920,1745,1440,"300"," "
"2010/11","S08000028","Total","d",160,160,145,115,"25"," "
"2010/11","S08000028","SMR01"," ",95,95,75,70,"",":"
"2010/11","S08000028","SMR04"," ",70,70,70,50,"25"," "
"2010/11","SB0802","Total","d",130,130,10,85,"135"," "
"2010/11","SB0802","SMR01"," ",0,0,0,0,"",":"
"2010/11","SB0802","SMR04"," ",130,130,10,85,"135"," "
"2011/12","S08000015","Total","d",2465,2505,2205,1730,"250"," "
"2011/12","S08000015","SMR01"," ",940,950,840,680,"",":"
"2011/12","S08000015","SMR04"," ",1525,1555,1365,1120,"250"," "
"2011/12","S08000016","Total","d",825,830,720,555,"75"," "
"2011/12","S08000016","SMR01"," ",280,280,250,220,"",":"
"2011/12","S08000016","SMR04"," ",545,550,470,360,"75"," "
"2011/12","S08000017","Total","d",1210,1225,1020,665,"65"," "
"2011/12","S08000017","SMR01"," ",470,465,395,250,"",":"
"2011/12","S08000017","SMR04"," ",735,755,625,475,"65"," "
"2011/12","S08000029","Total","d",2255,2275,1730,1425,"250"," "
"2011/12","S08000029","SMR01"," ",815,810,485,460,"",":"
"2011/12","S08000029","SMR04"," ",1440,1465,1240,1010,"250"," "
"2011/12","S08000019","Total","d",1360,1365,1135,990,"175"," "
"2011/12","S08000019","SMR01"," ",345,330,280,250,"",":"
"2011/12","S08000019","SMR04"," ",1020,1030,855,765,"175"," "
"2011/12","S08000020","Total","d",3405,3400,2715,2080,"285"," "
"2011/12","S08000020","SMR01"," ",1455,1445,895,730,"",":"
"2011/12","S08000020","SMR04"," ",1950,1955,1820,1415,"285"," "
"2011/12","S08000031","Total","d",9785,9850,7775,6235,"1100"," "
"2011/12","S08000031","SMR01"," ",4730,4755,3490,2750,"",":"
"2011/12","S08000031","SMR04"," ",5055,5095,4285,3695,"1100"," "
"2011/12","S08000022","Total","d",2095,2130,1905,1515,"170"," "
"2011/12","S08000022","SMR01"," ",900,900,730,605,"",":"
"2011/12","S08000022","SMR04"," ",1195,1230,1175,1000,"170"," "
"2011/12","S08000032","Total","d",4100,4100,3320,2700,"355"," "
"2011/12","S08000032","SMR01"," ",1775,1775,1235,1055,"",":"
"2011/12","S08000032","SMR04"," ",2325,2330,2085,1745,"355"," "
"2011/12","S08000024","Total","d",5735,5775,4645,3835,"605"," "
"2011/12","S08000024","SMR01"," ",2525,2540,1725,1550,"",":"
"2011/12","S08000024","SMR04"," ",3210,3235,2920,2480,"605"," "
"2011/12","S08000025","Total","d",60,60,60,50,"0"," "
"2011/12","S08000025","SMR01"," ",60,60,60,50,"",":"
"2011/12","S08000025","SMR04"," ",0,0,0,0,"0"," "
"2011/12","S08000026","Total","d",90,90,90,65,"0"," "
"2011/12","S08000026","SMR01"," ",90,90,90,65,"",":"
"2011/12","S08000026","SMR04"," ",0,0,0,0,"0"," "
"2011/12","S08000030","Total","d",2550,2565,2185,1825,"280"," "
"2011/12","S08000030","SMR01"," ",665,665,520,485,"",":"
"2011/12","S08000030","SMR04"," ",1880,1900,1665,1395,"280"," "
"2011/12","S08000028","Total","d",150,155,140,115,"20"," "
"2011/12","S08000028","SMR01"," ",90,95,80,70,"",":"
"2011/12","S08000028","SMR04"," ",60,65,60,55,"20"," "
"2011/12","SB0802","Total","d",275,275,5,145,"135"," "
"2011/12","SB0802","SMR01"," ",0,0,0,0,"",":"
"2011/12","SB0802","SMR04"," ",275,275,5,145,"135"," "
"2012/13","S08000015","Total","d",2230,2245,1985,1510,"225"," "
"2012/13","S08000015","SMR01"," ",925,920,800,635,"",":"
"2012/13","S08000015","SMR04"," ",1300,1325,1185,945,"225"," "
"2012/13","S08000016","Total","d",780,795,685,535,"65"," "
"2012/13","S08000016","SMR01"," ",275,275,240,210,"",":"
"2012/13","S08000016","SMR04"," ",510,525,445,345,"65"," "
"2012/13","S08000017","Total","d",1125,1125,975,625,"65"," "
"2012/13","S08000017","SMR01"," ",465,470,400,235,"",":"
"2012/13","S08000017","SMR04"," ",660,660,575,425,"65"," "
"2012/13","S08000029","Total","d",2375,2385,1880,1485,"235"," "
"2012/13","S08000029","SMR01"," ",1000,995,675,590,"",":"
"2012/13","S08000029","SMR04"," ",1375,1390,1210,955,"235"," "
"2012/13","S08000019","Total","d",1490,1495,1240,1060,"175"," "
"2012/13","S08000019","SMR01"," ",410,415,305,275,"",":"
"2012/13","S08000019","SMR04"," ",1080,1080,935,805,"175"," "
"2012/13","S08000020","Total","d",3380,3365,2695,2145,"320"," "
"2012/13","S08000020","SMR01"," ",1325,1335,865,730,"",":"
"2012/13","S08000020","SMR04"," ",2055,2025,1830,1485,"320"," "
"2012/13","S08000031","Total","d",9615,9665,7505,6130,"1060"," "
"2012/13","S08000031","SMR01"," ",4405,4415,3170,2540,"",":"
"2012/13","S08000031","SMR04"," ",5205,5250,4335,3825,"1060"," "
"2012/13","S08000022","Total","d",2105,2105,1865,1480,"170"," "
"2012/13","S08000022","SMR01"," ",890,890,695,595,"",":"
"2012/13","S08000022","SMR04"," ",1215,1215,1165,970,"170"," "
"2012/13","S08000032","Total","d",4155,4160,3355,2640,"345"," "
"2012/13","S08000032","SMR01"," ",1800,1790,1190,985,"",":"
"2012/13","S08000032","SMR04"," ",2355,2370,2165,1745,"345"," "
"2012/13","S08000024","Total","d",5895,5895,4660,3905,"585"," "
"2012/13","S08000024","SMR01"," ",2770,2750,1805,1645,"",":"
"2012/13","S08000024","SMR04"," ",3120,3145,2860,2425,"585"," "
"2012/13","S08000025","Total","d",60,60,60,55,"0"," "
"2012/13","S08000025","SMR01"," ",60,60,60,55,"",":"
"2012/13","S08000025","SMR04"," ",0,0,0,0,"0"," "
"2012/13","S08000026","Total","d",85,85,85,70,"0"," "
"2012/13","S08000026","SMR01"," ",85,85,85,70,"",":"
"2012/13","S08000026","SMR04"," ",0,0,0,0,"0"," "
"2012/13","S08000030","Total","d",2655,2620,2220,1820,"315"," "
"2012/13","S08000030","SMR01"," ",675,675,520,490,"",":"
"2012/13","S08000030","SMR04"," ",1980,1940,1700,1390,"315"," "
"2012/13","S08000028","Total","d",155,155,140,115,"20"," "
"2012/13","S08000028","SMR01"," ",95,95,80,70,"",":"
"2012/13","S08000028","SMR04"," ",60,60,60,50,"20"," "
"2012/13","SB0802","Total","d",110,115,10,80,"130"," "
"2012/13","SB0802","SMR01"," ",0,0,0,0,"",":"
"2012/13","SB0802","SMR04"," ",110,115,10,80,"130"," "
"2013/14","S08000015","Total","d",2265,2270,1875,1540,"205"," "
"2013/14","S08000015","SMR01"," ",955,945,755,620,"",":"
"2013/14","S08000015","SMR04"," ",1310,1330,1115,980,"205"," "
"2013/14","S08000016","Total","d",780,785,675,505,"60"," "
"2013/14","S08000016","SMR01"," ",300,300,250,220,"",":"
"2013/14","S08000016","SMR04"," ",485,485,425,320,"60"," "
"2013/14","S08000017","Total","d",1295,1290,1130,665,"70"," "
"2013/14","S08000017","SMR01"," ",625,630,540,305,"",":"
"2013/14","S08000017","SMR04"," ",665,660,585,410,"70"," "
"2013/14","S08000029","Total","d",2760,2750,2040,1615,"235"," "
"2013/14","S08000029","SMR01"," ",1305,1290,855,745,"",":"
"2013/14","S08000029","SMR04"," ",1455,1455,1185,940,"235"," "
"2013/14","S08000019","Total","d",1555,1565,1290,1060,"165"," "
"2013/14","S08000019","SMR01"," ",465,460,300,255,"",":"
"2013/14","S08000019","SMR04"," ",1090,1100,995,840,"165"," "
"2013/14","S08000020","Total","d",3295,3295,2745,2225,"315"," "
"2013/14","S08000020","SMR01"," ",1300,1295,955,825,"",":"
"2013/14","S08000020","SMR04"," ",1995,2000,1785,1470,"315"," "
"2013/14","S08000031","Total","d",10255,10240,7820,6270,"1060"," "
"2013/14","S08000031","SMR01"," ",4980,4965,3320,2665,"",":"
"2013/14","S08000031","SMR04"," ",5275,5275,4500,3855,"1060"," "
"2013/14","S08000022","Total","d",2170,2150,1850,1490,"170"," "
"2013/14","S08000022","SMR01"," ",905,900,695,590,"",":"
"2013/14","S08000022","SMR04"," ",1265,1250,1155,985,"170"," "
"2013/14","S08000032","Total","d",4310,4310,3060,2490,"340"," "
"2013/14","S08000032","SMR01"," ",2370,2370,1365,1130,"",":"
"2013/14","S08000032","SMR04"," ",1940,1940,1695,1455,"340"," "
"2013/14","S08000024","Total","d",5770,5800,4490,3770,"590"," "
"2013/14","S08000024","SMR01"," ",2435,2475,1670,1505,"",":"
"2013/14","S08000024","SMR04"," ",3335,3325,2820,2425,"590"," "
"2013/14","S08000025","Total","d",65,65,60,55,"0"," "
"2013/14","S08000025","SMR01"," ",65,65,60,55,"",":"
"2013/14","S08000025","SMR04"," ",0,0,0,0,"0"," "
"2013/14","S08000026","Total","d",85,85,85,65,"0"," "
"2013/14","S08000026","SMR01"," ",85,85,85,65,"",":"
"2013/14","S08000026","SMR04"," ",0,0,0,0,"0"," "
"2013/14","S08000030","Total","d",2775,2810,2365,1920,"290"," "
"2013/14","S08000030","SMR01"," ",815,820,630,560,"",":"
"2013/14","S08000030","SMR04"," ",1965,1990,1735,1420,"290"," "
"2013/14","S08000028","Total","d",150,145,125,110,"20"," "
"2013/14","S08000028","SMR01"," ",105,105,85,75,"",":"
"2013/14","S08000028","SMR04"," ",45,40,40,35,"20"," "
"2013/14","SB0802","Total","d",70,70,15,65,"130"," "
"2013/14","SB0802","SMR01"," ",0,0,0,0,"",":"
"2013/14","SB0802","SMR04"," ",70,70,15,65,"130"," "
"2014/15","S08000015","Total","d",2355,2355,1855,1490,"210"," "
"2014/15","S08000015","SMR01"," ",1090,1090,795,660,"",":"
"2014/15","S08000015","SMR04"," ",1270,1265,1060,890,"210"," "
"2014/15","S08000016","Total","d",745,750,595,480,"50"," "
"2014/15","S08000016","SMR01"," ",285,285,205,185,"",":"
"2014/15","S08000016","SMR04"," ",460,470,390,305,"50"," "
"2014/15","S08000017","Total","d",1295,1295,1090,635,"70"," "
"2014/15","S08000017","SMR01"," ",560,555,455,260,"",":"
"2014/15","S08000017","SMR04"," ",735,735,635,415,"70"," "
"2014/15","S08000029","Total","d",2550,2570,1880,1560,"215"," "
"2014/15","S08000029","SMR01"," ",1095,1105,755,675,"",":"
"2014/15","S08000029","SMR04"," ",1455,1465,1125,955,"215"," "
"2014/15","S08000019","Total","d",1765,1775,1370,1150,"165"," "
"2014/15","S08000019","SMR01"," ",570,580,405,345,"",":"
"2014/15","S08000019","SMR04"," ",1195,1195,965,830,"165"," "
"2014/15","S08000020","Total","d",2900,2910,2545,1975,"295"," "
"2014/15","S08000020","SMR01"," ",975,970,815,710,"",":"
"2014/15","S08000020","SMR04"," ",1925,1945,1725,1315,"295"," "
"2014/15","S08000031","Total","d",11095,11095,7915,6385,"1050"," "
"2014/15","S08000031","SMR01"," ",5670,5665,3370,2675,"",":"
"2014/15","S08000031","SMR04"," ",5425,5430,4545,3985,"1050"," "
"2014/15","S08000022","Total","d",2305,2310,1805,1480,"170"," "
"2014/15","S08000022","SMR01"," ",1110,1105,750,640,"",":"
"2014/15","S08000022","SMR04"," ",1195,1205,1060,910,"170"," "
"2014/15","S08000032","Total","d",4535,4545,3020,2505,"335"," "
"2014/15","S08000032","SMR01"," ",2780,2785,1535,1280,"",":"
"2014/15","S08000032","SMR04"," ",1755,1760,1485,1320,"335"," "
"2014/15","S08000024","Total","d",6310,6270,4585,3710,"620"," "
"2014/15","S08000024","SMR01"," ",2825,2810,1810,1600,"",":"
"2014/15","S08000024","SMR04"," ",3485,3455,2775,2270,"620"," "
"2014/15","S08000025","Total","d",80,80,70,60,"0"," "
"2014/15","S08000025","SMR01"," ",80,80,70,60,"",":"
"2014/15","S08000025","SMR04"," ",0,0,0,0,"0"," "
"2014/15","S08000026","Total","d",85,85,85,60,"0"," "
"2014/15","S08000026","SMR01"," ",85,85,85,60,"",":"
"2014/15","S08000026","SMR04"," ",0,0,0,0,"0"," "
"2014/15","S08000030","Total","d",3200,3200,2515,2100,"290"," "
"2014/15","S08000030","SMR01"," ",975,975,700,645,"",":"
"2014/15","S08000030","SMR04"," ",2225,2220,1815,1515,"290"," "
"2014/15","S08000028","Total","d",105,105,90,80,"20"," "
"2014/15","S08000028","SMR01"," ",70,70,60,55,"",":"
"2014/15","S08000028","SMR04"," ",35,35,30,30,"20"," "
"2014/15","SB0802","Total","d",110,120,10,80,"120"," "
"2014/15","SB0802","SMR01"," ",0,0,0,0,"",":"
"2014/15","SB0802","SMR04"," ",110,120,10,80,"120"," "
"2015/16","S08000015","Total","d",2430,2455,1865,1515,"185"," "
"2015/16","S08000015","SMR01"," ",1190,1190,795,685,"",":"
"2015/16","S08000015","SMR04"," ",1245,1265,1075,915,"185"," "
"2015/16","S08000016","Total","d",775,780,570,465,"50"," "
"2015/16","S08000016","SMR01"," ",285,285,190,175,"",":"
"2015/16","S08000016","SMR04"," ",495,495,385,305,"50"," "
"2015/16","S08000017","Total","d",1375,1390,1095,625,"55"," "
"2015/16","S08000017","SMR01"," ",590,590,445,295,"",":"
"2015/16","S08000017","SMR04"," ",780,800,655,385,"55"," "
"2015/16","S08000029","Total","d",2565,2585,1885,1560,"195"," "
"2015/16","S08000029","SMR01"," ",1125,1120,740,660,"",":"
"2015/16","S08000029","SMR04"," ",1440,1465,1145,965,"195"," "
"2015/16","S08000019","Total","d",1955,1945,1510,1225,"170"," "
"2015/16","S08000019","SMR01"," ",575,570,405,365,"",":"
"2015/16","S08000019","SMR04"," ",1380,1375,1105,915,"170"," "
"2015/16","S08000020","Total","d",3100,3100,2645,2120,"310"," "
"2015/16","S08000020","SMR01"," ",1185,1195,1000,855,"",":"
"2015/16","S08000020","SMR04"," ",1920,1905,1645,1315,"310"," "
"2015/16","S08000031","Total","d",12510,12505,8240,6655,"1055"," "
"2015/16","S08000031","SMR01"," ",7005,7005,3790,3005,"",":"
"2015/16","S08000031","SMR04"," ",5505,5500,4450,3925,"1055"," "
"2015/16","S08000022","Total","d",2350,2350,1760,1445,"180"," "
"2015/16","S08000022","SMR01"," ",1060,1060,695,630,"",":"
"2015/16","S08000022","SMR04"," ",1290,1290,1065,890,"180"," "
"2015/16","S08000032","Total","d",4800,4830,3075,2500,"310"," "
"2015/16","S08000032","SMR01"," ",2980,2985,1525,1270,"",":"
"2015/16","S08000032","SMR04"," ",1820,1845,1550,1315,"310"," "
"2015/16","S08000024","Total","d",6435,6475,4595,3855,"580"," "
"2015/16","S08000024","SMR01"," ",2935,2935,1865,1695,"",":"
"2015/16","S08000024","SMR04"," ",3495,3540,2730,2320,"580"," "
"2015/16","S08000025","Total","d",60,60,55,45,"0"," "
"2015/16","S08000025","SMR01"," ",60,60,55,45,"",":"
"2015/16","S08000025","SMR04"," ",0,0,0,0,"0"," "
"2015/16","S08000026","Total","d",70,70,65,55,"0"," "
"2015/16","S08000026","SMR01"," ",70,70,65,55,"",":"
"2015/16","S08000026","SMR04"," ",0,0,0,0,"0"," "
"2015/16","S08000030","Total","d",3640,3630,2755,2205,"290"," "
"2015/16","S08000030","SMR01"," ",1250,1240,810,750,"",":"
"2015/16","S08000030","SMR04"," ",2390,2390,1945,1545,"290"," "
"2015/16","S08000028","Total","d",155,155,115,105,"20"," "
"2015/16","S08000028","SMR01"," ",115,110,80,75,"",":"
"2015/16","S08000028","SMR04"," ",40,45,35,35,"20"," "
"2015/16","SB0802","Total","d",90,95,15,75,"115"," "
"2015/16","SB0802","SMR01"," ",0,0,0,0,"",":"
"2015/16","SB0802","SMR04"," ",90,95,15,75,"115"," "
"2016/17","S08000015","Total","d",2680,2675,1935,1590,"190"," "
"2016/17","S08000015","SMR01"," ",1460,1455,940,785,"",":"
"2016/17","S08000015","SMR04"," ",1225,1220,995,885,"190"," "
"2016/17","S08000016","Total","d",705,705,550,455,"55"," "
"2016/17","S08000016","SMR01"," ",265,265,185,165,"",":"
"2016/17","S08000016","SMR04"," ",445,440,365,305,"55"," "
"2016/17","S08000017","Total","d",1560,1555,1075,610,"65"," "
"2016/17","S08000017","SMR01"," ",710,720,540,305,"",":"
"2016/17","S08000017","SMR04"," ",845,835,535,365,"65"," "
"2016/17","S08000029","Total","d",2850,2830,2030,1675,"215"," "
"2016/17","S08000029","SMR01"," ",1360,1365,850,770,"",":"
"2016/17","S08000029","SMR04"," ",1485,1465,1180,975,"215"," "
"2016/17","S08000019","Total","d",2120,2105,1550,1260,"170"," "
"2016/17","S08000019","SMR01"," ",690,680,450,405,"",":"
"2016/17","S08000019","SMR04"," ",1430,1425,1100,905,"170"," "
"2016/17","S08000020","Total","d",3010,3000,2525,2050,"305"," "
"2016/17","S08000020","SMR01"," ",1320,1310,1030,860,"",":"
"2016/17","S08000020","SMR04"," ",1685,1690,1495,1245,"305"," "
"2016/17","S08000031","Total","d",13565,13670,8780,6980,"945"," "
"2016/17","S08000031","SMR01"," ",8425,8430,4410,3450,"",":"
"2016/17","S08000031","SMR04"," ",5140,5240,4375,3815,"945"," "
"2016/17","S08000022","Total","d",2185,2175,1710,1415,"180"," "
"2016/17","S08000022","SMR01"," ",1105,1100,770,670,"",":"
"2016/17","S08000022","SMR04"," ",1075,1075,940,820,"180"," "
"2016/17","S08000032","Total","d",5060,5060,3145,2615,"305"," "
"2016/17","S08000032","SMR01"," ",3165,3155,1580,1385,"",":"
"2016/17","S08000032","SMR04"," ",1900,1905,1565,1335,"305"," "
"2016/17","S08000024","Total","d",6455,6455,4560,3715,"575"," "
"2016/17","S08000024","SMR01"," ",2985,2975,1840,1625,"",":"
"2016/17","S08000024","SMR04"," ",3475,3480,2720,2235,"575"," "
"2016/17","S08000025","Total","d",25,30,25,20,"0"," "
"2016/17","S08000025","SMR01"," ",25,30,25,20,"",":"
"2016/17","S08000025","SMR04"," ",0,0,0,0,"0"," "
"2016/17","S08000026","Total","d",75,75,70,65,"0"," "
"2016/17","S08000026","SMR01"," ",75,75,70,65,"",":"
"2016/17","S08000026","SMR04"," ",0,0,0,0,"0"," "
"2016/17","S08000030","Total","d",3740,3750,2800,2240,"280"," "
"2016/17","S08000030","SMR01"," ",1350,1355,865,775,"",":"
"2016/17","S08000030","SMR04"," ",2390,2395,1930,1565,"280"," "
"2016/17","S08000028","Total","d",145,145,125,95,"20"," "
"2016/17","S08000028","SMR01"," ",110,110,90,70,"",":"
"2016/17","S08000028","SMR04"," ",35,35,30,30,"20"," "
"2016/17","SB0802","Total","d",135,140,20,95,"110"," "
"2016/17","SB0802","SMR01"," ",0,0,0,0,"",":"
"2016/17","SB0802","SMR04"," ",135,140,20,95,"110"," "
"2017/18","S08000015","Total","d",2565,2560,1910,1535,"200"," "
"2017/18","S08000015","SMR01"," ",1450,1455,925,760,"",":"
"2017/18","S08000015","SMR04"," ",1115,1105,980,865,"200"," "
"2017/18","S08000016","Total","d",830,825,615,505,"55"," "
"2017/18","S08000016","SMR01"," ",405,400,255,220,"",":"
"2017/18","S08000016","SMR04"," ",425,425,360,300,"55"," "
"2017/18","S08000017","Total","d",1530,1525,1055,645,"70"," "
"2017/18","S08000017","SMR01"," ",700,695,475,300,"",":"
"2017/18","S08000017","SMR04"," ",835,825,580,385,"70"," "
"2017/18","S08000029","Total","d",3525,3535,2290,1835,"205"," "
"2017/18","S08000029","SMR01"," ",1990,1985,1180,1050,"",":"
"2017/18","S08000029","SMR04"," ",1535,1550,1110,865,"205"," "
"2017/18","S08000019","Total","d",2160,2140,1610,1290,"190"," "
"2017/18","S08000019","SMR01"," ",805,805,570,490,"",":"
"2017/18","S08000019","SMR04"," ",1350,1335,1040,855,"190"," "
"2017/18","S08000020","Total","d",3010,3025,2550,2020,"300"," "
"2017/18","S08000020","SMR01"," ",1230,1240,980,805,"",":"
"2017/18","S08000020","SMR04"," ",1780,1790,1570,1275,"300"," "
"2017/18","S08000031","Total","d",14760,14790,9155,7290,"920"," "
"2017/18","S08000031","SMR01"," ",9215,9195,4690,3655,"",":"
"2017/18","S08000031","SMR04"," ",5550,5595,4465,3930,"920"," "
"2017/18","S08000022","Total","d",2130,2155,1665,1385,"165"," "
"2017/18","S08000022","SMR01"," ",1040,1050,725,635,"",":"
"2017/18","S08000022","SMR04"," ",1085,1100,940,825,"165"," "
"2017/18","S08000032","Total","d",5340,5360,3090,2585,"280"," "
"2017/18","S08000032","SMR01"," ",3595,3590,1660,1435,"",":"
"2017/18","S08000032","SMR04"," ",1740,1770,1430,1235,"280"," "
"2017/18","S08000024","Total","d",6870,6885,4560,3770,"550"," "
"2017/18","S08000024","SMR01"," ",3385,3380,1890,1695,"",":"
"2017/18","S08000024","SMR04"," ",3485,3505,2670,2225,"550"," "
"2017/18","S08000025","Total","d",70,70,65,50,"0"," "
"2017/18","S08000025","SMR01"," ",70,70,65,50,"",":"
"2017/18","S08000025","SMR04"," ",0,0,0,0,"0"," "
"2017/18","S08000026","Total","d",90,90,90,70,"0"," "
"2017/18","S08000026","SMR01"," ",90,90,90,70,"",":"
"2017/18","S08000026","SMR04"," ",0,0,0,0,"0"," "
"2017/18","S08000030","Total","d",3525,3490,2615,2165,"310"," "
"2017/18","S08000030","SMR01"," ",1570,1565,1010,875,"",":"
"2017/18","S08000030","SMR04"," ",1955,1925,1605,1405,"310"," "
"2017/18","S08000028","Total","d",195,195,155,120,"15"," "
"2017/18","S08000028","SMR01"," ",155,155,120,95,"",":"
"2017/18","S08000028","SMR04"," ",40,40,35,35,"15"," "
"2017/18","SB0802","Total","d",120,125,15,85,"110"," "
"2017/18","SB0802","SMR01"," ",0,0,0,0,"",":"
"2017/18","SB0802","SMR04"," ",120,125,15,85,"110"," "
"2018/19","S08000015","Total","d",2670,2680,2000,1620,"175"," "
"2018/19","S08000015","SMR01"," ",1545,1530,970,815,"",":"
"2018/19","S08000015","SMR04"," ",1125,1150,1030,895,"175"," "
"2018/19","S08000016","Total","d",855,860,545,470,"50"," "
"2018/19","S08000016","SMR01"," ",440,440,225,200,"",":"
"2018/19","S08000016","SMR04"," ",415,420,320,280,"50"," "
"2018/19","S08000017","Total","d",1730,1715,1140,600,"85"," "
"2018/19","S08000017","SMR01"," ",690,695,530,255,"",":"
"2018/19","S08000017","SMR04"," ",1035,1025,610,395,"85"," "
"2018/19","S08000029","Total","d",3645,3635,2355,1860,"205"," "
"2018/19","S08000029","SMR01"," ",2070,2060,1240,1070,"",":"
"2018/19","S08000029","SMR04"," ",1575,1575,1115,875,"205"," "
"2018/19","S08000019","Total","d",2115,2135,1580,1270,"160"," "
"2018/19","S08000019","SMR01"," ",895,890,600,510,"",":"
"2018/19","S08000019","SMR04"," ",1220,1250,980,815,"160"," "
"2018/19","S08000020","Total","d",3200,3220,2635,2110,"280"," "
"2018/19","S08000020","SMR01"," ",1445,1445,1120,940,"",":"
"2018/19","S08000020","SMR04"," ",1755,1775,1515,1240,"280"," "
"2018/19","S08000031","Total","d",15320,15290,9315,7205,"950"," "
"2018/19","S08000031","SMR01"," ",9065,9055,4625,3575,"",":"
"2018/19","S08000031","SMR04"," ",6255,6235,4685,3945,"950"," "
"2018/19","S08000022","Total","d",2130,2125,1615,1350,"155"," "
"2018/19","S08000022","SMR01"," ",1210,1195,815,715,"",":"
"2018/19","S08000022","SMR04"," ",915,930,800,720,"155"," "
"2018/19","S08000032","Total","d",5795,5765,3310,2650,"295"," "
"2018/19","S08000032","SMR01"," ",4050,4035,1885,1575,"",":"
"2018/19","S08000032","SMR04"," ",1745,1735,1425,1175,"295"," "
"2018/19","S08000024","Total","d",7065,7095,4760,3935,"525"," "
"2018/19","S08000024","SMR01"," ",3605,3610,2100,1855,"",":"
"2018/19","S08000024","SMR04"," ",3455,3485,2660,2235,"525"," "
"2018/19","S08000025","Total","d",70,70,65,50,"0"," "
"2018/19","S08000025","SMR01"," ",70,70,65,50,"",":"
"2018/19","S08000025","SMR04"," ",0,0,0,0,"0"," "
"2018/19","S08000026","Total","d",90,90,90,85,"0"," "
"2018/19","S08000026","SMR01"," ",90,90,90,85,"",":"
"2018/19","S08000026","SMR04"," ",0,0,0,0,"0"," "
"2018/19","S08000030","Total","d",3855,3870,2910,2340,"290"," "
"2018/19","S08000030","SMR01"," ",1620,1615,1090,965,"",":"
"2018/19","S08000030","SMR04"," ",2235,2255,1820,1510,"290"," "
"2018/19","S08000028","Total","d",190,195,150,130,"5"," "
"2018/19","S08000028","SMR01"," ",145,140,105,90,"",":"
"2018/19","S08000028","SMR04"," ",45,55,50,50,"5"," "
"2018/19","SB0802","Total","d",80,75,20,65,"110"," "
"2018/19","SB0802","SMR01"," ",0,0,0,0,"",":"
"2018/19","SB0802","SMR04"," ",80,75,20,65,"110"," "
"2019/20","S08000015","Total","d",2485,2520,1815,1480,"155"," "
"2019/20","S08000015","SMR01"," ",1480,1495,910,770,"",":"
"2019/20","S08000015","SMR04"," ",1005,1025,910,775,"155"," "
"2019/20","S08000016","Total","d",970,995,675,535,"35"," "
"2019/20","S08000016","SMR01"," ",505,510,280,235,"",":"
"2019/20","S08000016","SMR04"," ",465,480,395,315,"35"," "
"2019/20","S08000017","Total","d",1645,1655,1180,640,"70"," "
"2019/20","S08000017","SMR01"," ",775,780,555,285,"",":"
"2019/20","S08000017","SMR04"," ",865,880,630,420,"70"," "
"2019/20","S08000029","Total","d",3480,3565,2335,1845,"140"," "
"2019/20","S08000029","SMR01"," ",1950,1970,1210,1035,"",":"
"2019/20","S08000029","SMR04"," ",1530,1600,1120,885,"140"," "
"2019/20","S08000019","Total","d",3290,3350,1725,1390,"115"," "
"2019/20","S08000019","SMR01"," ",2040,2050,850,725,"",":"
"2019/20","S08000019","SMR04"," ",1250,1300,875,750,"115"," "
"2019/20","S08000020","Total","d",3290,3365,2810,2130,"210"," "
"2019/20","S08000020","SMR01"," ",1430,1440,1175,950,"",":"
"2019/20","S08000020","SMR04"," ",1855,1925,1630,1250,"210"," "
"2019/20","S08000031","Total","d",16225,16455,9715,7395,"765"," "
"2019/20","S08000031","SMR01"," ",10045,10090,5005,3740,"",":"
"2019/20","S08000031","SMR04"," ",6180,6365,4710,3970,"765"," "
"2019/20","S08000022","Total","d",2155,2200,1610,1345,"130"," "
"2019/20","S08000022","SMR01"," ",1260,1280,835,730,"",":"
"2019/20","S08000022","SMR04"," ",900,925,775,670,"130"," "
"2019/20","S08000032","Total","d",6090,6195,3540,2815,"225"," "
"2019/20","S08000032","SMR01"," ",4450,4490,2090,1695,"",":"
"2019/20","S08000032","SMR04"," ",1640,1710,1450,1220,"225"," "
"2019/20","S08000024","Total","d",7570,7675,5090,4095,"460"," "
"2019/20","S08000024","SMR01"," ",4070,4105,2275,1915,"",":"
"2019/20","S08000024","SMR04"," ",3505,3570,2815,2315,"460"," "
"2019/20","S08000025","Total","d",60,60,60,45,"0"," "
"2019/20","S08000025","SMR01"," ",60,60,60,45,"",":"
"2019/20","S08000025","SMR04"," ",0,0,0,0,"0"," "
"2019/20","S08000026","Total","d",95,95,90,75,"0"," "
"2019/20","S08000026","SMR01"," ",95,95,90,75,"",":"
"2019/20","S08000026","SMR04"," ",0,0,0,0,"0"," "
"2019/20","S08000030","Total","d",4075,4130,2985,2415,"255"," "
"2019/20","S08000030","SMR01"," ",2065,2085,1300,1090,"",":"
"2019/20","S08000030","SMR04"," ",2010,2045,1680,1430,"255"," "
"2019/20","S08000028","Total","d",185,185,145,125,"5"," "
"2019/20","S08000028","SMR01"," ",130,135,105,95,"",":"
"2019/20","S08000028","SMR04"," ",55,55,45,35,"5"," "
"2019/20","SB0802","Total","d",100,95,20,80,"115"," "
"2019/20","SB0802","SMR01"," ",0,0,0,0,"",":"
"2019/20","SB0802","SMR04"," ",100,95,20,80,"115"," "
"2020/21","S08000015","Total","d",2330,2305,1705,1435,"170"," "
"2020/21","S08000015","SMR01"," ",1400,1390,905,785,"",":"
"2020/21","S08000015","SMR04"," ",930,915,800,715,"170"," "
"2020/21","S08000016","Total","d",960,950,615,475,"35"," "
"2020/21","S08000016","SMR01"," ",500,495,245,220,"",":"
"2020/21","S08000016","SMR04"," ",460,455,370,275,"35"," "
"2020/21","S08000017","Total","d",1355,1335,1025,600,"90"," "
"2020/21","S08000017","SMR01"," ",680,680,485,265,"",":"
"2020/21","S08000017","SMR04"," ",675,655,540,375,"90"," "
"2020/21","S08000029","Total","d",2965,2920,1885,1510,"165"," "
"2020/21","S08000029","SMR01"," ",1825,1805,1080,915,"",":"
"2020/21","S08000029","SMR04"," ",1140,1115,805,650,"165"," "
"2020/21","S08000019","Total","d",3625,3600,1615,1270,"125"," "
"2020/21","S08000019","SMR01"," ",2275,2265,805,675,"",":"
"2020/21","S08000019","SMR04"," ",1350,1335,810,670,"125"," "
"2020/21","S08000020","Total","d",3380,3340,2670,2040,"245"," "
"2020/21","S08000020","SMR01"," ",1560,1555,1200,995,"",":"
"2020/21","S08000020","SMR04"," ",1820,1785,1470,1110,"245"," "
"2020/21","S08000031","Total","d",16615,16490,8735,6695,"830"," "
"2020/21","S08000031","SMR01"," ",10545,10480,4555,3510,"",":"
"2020/21","S08000031","SMR04"," ",6075,6010,4180,3485,"830"," "
"2020/21","S08000022","Total","d",1975,1965,1250,1075,"125"," "
"2020/21","S08000022","SMR01"," ",1290,1275,730,635,"",":"
"2020/21","S08000022","SMR04"," ",685,685,520,500,"125"," "
"2020/21","S08000032","Total","d",5145,5125,3095,2410,"220"," "
"2020/21","S08000032","SMR01"," ",3695,3670,1835,1480,"",":"
"2020/21","S08000032","SMR04"," ",1450,1455,1260,1000,"220"," "
"2020/21","S08000024","Total","d",8000,7915,4965,3990,"505"," "
"2020/21","S08000024","SMR01"," ",4385,4345,2240,1915,"",":"
"2020/21","S08000024","SMR04"," ",3615,3570,2730,2250,"505"," "
"2020/21","S08000025","Total","d",60,55,50,40,"0"," "
"2020/21","S08000025","SMR01"," ",60,55,50,40,"",":"
"2020/21","S08000025","SMR04"," ",0,0,0,0,"0"," "
"2020/21","S08000026","Total","d",75,70,65,55,"0"," "
"2020/21","S08000026","SMR01"," ",75,70,65,55,"",":"
"2020/21","S08000026","SMR04"," ",0,0,0,0,"0"," "
"2020/21","S08000030","Total","d",3590,3535,2605,2105,"290"," "
"2020/21","S08000030","SMR01"," ",1755,1735,1125,955,"",":"
"2020/21","S08000030","SMR04"," ",1835,1805,1480,1270,"290"," "
"2020/21","S08000028","Total","d",150,150,120,95,"5"," "
"2020/21","S08000028","SMR01"," ",85,85,70,60,"",":"
"2020/21","S08000028","SMR04"," ",65,65,55,45,"5"," "
"2020/21","SB0802","Total","d",90,85,20,70,"115"," "
"2020/21","SB0802","SMR01"," ",0,0,0,0,"",":"
"2020/21","SB0802","SMR04"," ",90,85,20,70,"115"," "
"2021/22","S08000015","Total","d",2165,2155,1565,1350,"170"," "
"2021/22","S08000015","SMR01"," ",1310,1305,830,725,"",":"
"2021/22","S08000015","SMR04"," ",855,850,735,675,"170"," "
"2021/22","S08000016","Total","d",815,810,515,425,"35"," "
"2021/22","S08000016","SMR01"," ",385,385,180,170,"",":"
"2021/22","S08000016","SMR04"," ",430,430,335,265,"35"," "
"2021/22","S08000017","Total","d",1285,1290,980,590,"85"," "
"2021/22","S08000017","SMR01"," ",575,580,425,230,"",":"
"2021/22","S08000017","SMR04"," ",710,715,550,390,"85"," "
"2021/22","S08000029","Total","d",3370,3370,2200,1770,"175"," "
"2021/22","S08000029","SMR01"," ",2090,2100,1240,1050,"",":"
"2021/22","S08000029","SMR04"," ",1280,1270,960,780,"175"," "
"2021/22","S08000019","Total","d",3315,3305,1535,1270,"140"," "
"2021/22","S08000019","SMR01"," ",2105,2105,735,640,"",":"
"2021/22","S08000019","SMR04"," ",1210,1200,800,690,"140"," "
"2021/22","S08000020","Total","d",3265,3265,2675,2100,"240"," "
"2021/22","S08000020","SMR01"," ",1660,1650,1305,1070,"",":"
"2021/22","S08000020","SMR04"," ",1605,1610,1375,1100,"240"," "
"2021/22","S08000031","Total","d",16175,16160,8495,6595,"825"," "
"2021/22","S08000031","SMR01"," ",10815,10795,4680,3615,"",":"
"2021/22","S08000031","SMR04"," ",5360,5365,3815,3270,"825"," "
"2021/22","S08000022","Total","d",1920,1915,1230,1045,"125"," "
"2021/22","S08000022","SMR01"," ",1345,1345,780,675,"",":"
"2021/22","S08000022","SMR04"," ",575,570,450,435,"125"," "
"2021/22","S08000032","Total","d",5505,5490,3125,2475,"225"," "
"2021/22","S08000032","SMR01"," ",3990,3975,1820,1500,"",":"
"2021/22","S08000032","SMR04"," ",1520,1515,1305,1065,"225"," "
"2021/22","S08000024","Total","d",8200,8195,4905,3940,"495"," "
"2021/22","S08000024","SMR01"," ",4685,4665,2140,1875,"",":"
"2021/22","S08000024","SMR04"," ",3515,3530,2765,2230,"495"," "
"2021/22","S08000025","Total","d",55,55,50,45,"0"," "
"2021/22","S08000025","SMR01"," ",55,55,50,45,"",":"
"2021/22","S08000025","SMR04"," ",0,0,0,0,"0"," "
"2021/22","S08000026","Total","d",90,90,85,75,"0"," "
"2021/22","S08000026","SMR01"," ",90,90,85,75,"",":"
"2021/22","S08000026","SMR04"," ",0,0,0,0,"0"," "
"2021/22","S08000030","Total","d",3755,3755,2840,2325,"290"," "
"2021/22","S08000030","SMR01"," ",1930,1930,1290,1085,"",":"
"2021/22","S08000030","SMR04"," ",1820,1825,1550,1350,"290"," "
"2021/22","S08000028","Total","d",165,165,135,105,"5"," "
"2021/22","S08000028","SMR01"," ",95,100,75,60,"",":"
"2021/22","S08000028","SMR04"," ",65,70,60,55,"5"," "
"2021/22","SB0802","Total","d",40,35,15,35,"115"," "
"2021/22","SB0802","SMR01"," ",0,0,0,0,"",":"
"2021/22","SB0802","SMR04"," ",40,35,15,35,"115"," "
"2022/23","S08000015","Total","d",1975,2005,1485,1280,"170"," "
"2022/23","S08000015","SMR01"," ",1145,1175,775,675,"",":"
"2022/23","S08000015","SMR04"," ",830,830,710,655,"170"," "
"2022/23","S08000016","Total","d",660,660,450,380,"45"," "
"2022/23","S08000016","SMR01"," ",235,240,125,115,"",":"
"2022/23","S08000016","SMR04"," ",425,415,325,270,"45"," "
"2022/23","S08000017","Total","d",1325,1300,1020,585,"115"," "
"2022/23","S08000017","SMR01"," ",615,615,455,220,"",":"
"2022/23","S08000017","SMR04"," ",715,680,565,400,"115"," "
"2022/23","S08000029","Total","d",3425,3450,2180,1755,"185"," "
"2022/23","S08000029","SMR01"," ",2175,2210,1300,1090,"",":"
"2022/23","S08000029","SMR04"," ",1250,1240,880,750,"185"," "
"2022/23","S08000019","Total","d",3510,3570,1565,1290,"100"," "
"2022/23","S08000019","SMR01"," ",2555,2575,800,670,"",":"
"2022/23","S08000019","SMR04"," ",955,995,765,660,"100"," "
"2022/23","S08000020","Total","d",2915,2925,2380,1910,"250"," "
"2022/23","S08000020","SMR01"," ",1405,1425,1180,950,"",":"
"2022/23","S08000020","SMR04"," ",1515,1500,1200,1010,"250"," "
"2022/23","S08000031","Total","d",15095,15265,7990,6040,"785"," "
"2022/23","S08000031","SMR01"," ",9655,9785,4125,3060,"",":"
"2022/23","S08000031","SMR04"," ",5445,5480,3870,3225,"785"," "
"2022/23","S08000022","Total","d",1900,1915,1250,1035,"130"," "
"2022/23","S08000022","SMR01"," ",1285,1315,765,630,"",":"
"2022/23","S08000022","SMR04"," ",620,595,490,450,"130"," "
"2022/23","S08000032","Total","d",5185,5205,2920,2305,"255"," "
"2022/23","S08000032","SMR01"," ",3675,3725,1625,1305,"",":"
"2022/23","S08000032","SMR04"," ",1515,1485,1295,1070,"255"," "
"2022/23","S08000024","Total","d",7795,7900,4525,3805,"480"," "
"2022/23","S08000024","SMR01"," ",4335,4425,1945,1685,"",":"
"2022/23","S08000024","SMR04"," ",3460,3475,2585,2265,"480"," "
"2022/23","S08000025","Total","d",55,60,55,50,"0"," "
"2022/23","S08000025","SMR01"," ",55,60,55,50,"",":"
"2022/23","S08000025","SMR04"," ",0,0,0,0,"0"," "
"2022/23","S08000026","Total","d",75,75,70,50,"0"," "
"2022/23","S08000026","SMR01"," ",75,75,70,50,"",":"
"2022/23","S08000026","SMR04"," ",0,0,0,0,"0"," "
"2022/23","S08000030","Total","d",3535,3595,2750,2280,"265"," "
"2022/23","S08000030","SMR01"," ",1900,1925,1290,1085,"",":"
"2022/23","S08000030","SMR04"," ",1635,1665,1460,1300,"265"," "
"2022/23","S08000028","Total","d",170,170,145,115,"5"," "
"2022/23","S08000028","SMR01"," ",100,100,85,65,"",":"
"2022/23","S08000028","SMR04"," ",70,70,60,50,"5"," "
"2022/23","SB0802","Total","d",50,55,15,55,"110"," "
"2022/23","SB0802","SMR01"," ",0,0,0,0,"",":"
"2022/23","SB0802","SMR04"," ",50,55,15,55,"110"," "
